{"cameraMode":{"drawMode":0,"name":"Shaded","section":"Shading Mode"},"sceneLighting":true,"audioPlay":false,"sceneViewState":{"showFog":true,"showMaterialUpdate":false,"showSkybox":false,"showFlares":true,"showImageEffects":true,"showParticleSystems":true},"in2DMode":false,"pivot":{"x":912.2754516601563,"y":0.25909996032714846,"z":696.6015014648438},"rotation":{"x":-0.05355577543377876,"y":0.9120293855667114,"z":-0.3864724338054657,"w":-0.12638580799102784},"size":12.927483558654786,"orthographic":false}