{"cameraMode":{"drawMode":0,"name":"Shaded","section":"Shading Mode"},"sceneLighting":true,"audioPlay":false,"sceneViewState":{"showFog":true,"showMaterialUpdate":true,"showSkybox":true,"showFlares":true,"showImageEffects":true,"showParticleSystems":true},"in2DMode":false,"pivot":{"x":-0.4566020965576172,"y":0.8502869606018066,"z":-0.09100532531738281},"rotation":{"x":-0.07760342210531235,"y":0.9020859599113464,"z":-0.18268327414989472,"w":-0.38320425152778628},"size":9.31429672241211,"orthographic":false}