{"cameraMode":{"drawMode":0,"name":"Shaded","section":"Shading Mode"},"sceneLighting":true,"audioPlay":false,"sceneViewState":{"showFog":true,"showMaterialUpdate":false,"showSkybox":false,"showFlares":true,"showImageEffects":true,"showParticleSystems":true},"in2DMode":false,"pivot":{"x":1.8091835975646973,"y":3.7401318550109865,"z":-58.130191802978519},"rotation":{"x":-0.2160469889640808,"y":-0.019919630140066148,"z":0.004408649634569883,"w":-0.9761698246002197},"size":11.336953163146973,"orthographic":false}