{"cameraMode":{"drawMode":0,"name":"Shaded","section":"Shading Mode"},"sceneLighting":true,"audioPlay":false,"sceneViewState":{"showFog":true,"showMaterialUpdate":false,"showSkybox":false,"showFlares":true,"showImageEffects":true,"showParticleSystems":true},"in2DMode":false,"pivot":{"x":1.8091983795166016,"y":3.740037441253662,"z":-58.1302375793457},"rotation":{"x":-0.2160469889640808,"y":-0.019919630140066148,"z":0.004408649634569883,"w":-0.9761698842048645},"size":18.02057456970215,"orthographic":false}